distance,n_qubits,variant,raw,raw_sem,m3,m3_sem
6,8,unitary,0.7991536458333334,0.022355776255183306,0.91106216609478,0.013158960207887737
6,8,dynamic,0.5172526041666666,0.07188153075987319,0.5945270086328188,0.07592321346675161
6,8,dynamic_dd,0.562255859375,0.05398727245273088,0.6442431112130483,0.05251362044753759
11,13,unitary,0.6422932942708334,0.02342103771727149,0.7164172778526942,0.0413032723907015
11,13,dynamic,0.30712890625,0.06455742809602942,0.36239097205301124,0.0812755200423747
11,13,dynamic_dd,0.3742268880208333,0.04069885344796723,0.4221918967862924,0.054686354583901066
16,18,unitary,0.5723470052083334,0.02990455151517652,0.6861467262109121,0.047424459691020535
16,18,dynamic,0.3806966145833333,0.05876394913380622,0.4641214559475581,0.0743984670015631
16,18,dynamic_dd,0.3999837239583333,0.044257469676192,0.4775539052983125,0.057150594922241345
21,23,unitary,0.3721110026041667,0.04102431953317195,0.4156530400117238,0.05895095042912182
21,23,dynamic,0.12255859375,0.04782452878333906,0.1481899592326954,0.05842609132235907
21,23,dynamic_dd,0.14213053385416666,0.03789016253018231,0.16486556936676303,0.04703482167818283
28,30,unitary,0.2586669921875,0.03435111385054083,0.3428272654612859,0.06368404246127973
28,30,dynamic,0.10713704427083333,0.04119790524142537,0.15884430496953428,0.06048873693038713
28,30,dynamic_dd,0.10477701822916667,0.03520591943368596,0.14947316345448294,0.051682162016476484
35,37,unitary,0.23921712239583334,0.04282771979870416,0.3260534778237343,0.05915854744616597
35,37,dynamic,0.11470540364583333,0.025066266113635844,0.15707341701878855,0.033776001522798645
35,37,dynamic_dd,0.11637369791666667,0.0261390713950572,0.15251616264382997,0.033935827604076665
44,46,unitary,0.11149088541666667,0.03464046640494902,0.15372993176182112,0.04648532578473769
44,46,dynamic,0.0614013671875,0.023885595276850934,0.08015330322086811,0.028504885573449563
44,46,dynamic_dd,0.061482747395833336,0.02335322928785782,0.07720895484089851,0.02726266784244323
55,57,unitary,0.07389322916666667,0.018299775214429943,0.10262918223937352,0.02372918170940859
55,57,dynamic,0.050455729166666664,0.014740298170415285,0.06915974554916222,0.018608304068506862
55,57,dynamic_dd,0.0443115234375,0.01387814566267956,0.057079874289532505,0.016422382501607605
60,62,unitary,0.060465494791666664,0.019458968379097757,0.08642467608054479,0.02707117430014174
60,62,dynamic,0.025797526041666668,0.011607531793924718,0.034973944226900734,0.013782974400577894
60,62,dynamic_dd,0.0264892578125,0.01020094721680444,0.03508587600663304,0.012219718579211914
