source,num_controls,implementation,fidelity_estimate_clipped,total_standard_error,point_kind,job_id
local_combined_noise,2,dynamic,0.953125,0.0093875165672511,measured,
local_combined_noise,2,unitary,0.966796875,0.0079552015430327,measured,
local_combined_noise,3,dynamic,0.9189453125,0.0086482745864258,measured,
local_combined_noise,3,unitary,0.8720703125,0.0106863826479941,measured,
local_combined_noise,4,dynamic,0.89599609375,0.0068912313415105,measured,
local_combined_noise,4,unitary,0.8759765625,0.0074569126077748,measured,
local_combined_noise,5,dynamic,0.86474609375,0.0055051038047036,measured,
local_combined_noise,5,unitary,0.83642578125,0.0060100649243726,measured,
local_combined_noise,6,dynamic,0.8357747395833333,0.011080201597063,measured,
local_combined_noise,6,unitary,0.8183593749999999,0.0135936496063669,measured,
local_combined_noise,7,dynamic,0.8076171874999999,0.0108948140904934,measured,
local_combined_noise,7,unitary,0.7814127604166666,0.0132212781221754,measured,
local_combined_noise,8,dynamic,0.8102213541666667,0.0113133808451256,measured,
local_combined_noise,8,unitary,0.7369791666666666,0.0134949373838676,measured,
local_combined_noise,9,dynamic,0.7700195312499999,0.0104167126382327,measured,
local_combined_noise,9,unitary,0.7185872395833334,0.0136397990207234,measured,
local_combined_noise,10,dynamic,0.7477213541666665,0.0117273440085489,measured,
local_combined_noise,10,unitary,0.69140625,0.0130182358335568,measured,
local_combined_noise,11,dynamic,0.7267252604166669,0.0144017624622981,measured,
local_combined_noise,11,unitary,0.6754557291666664,0.0147237912238831,measured,
local_combined_noise,12,dynamic,0.7194010416666666,0.013113395926942,measured,
local_combined_noise,12,unitary,0.6692708333333335,0.013023897581515,measured,
local_combined_noise,13,dynamic,0.7063802083333331,0.0157194910260193,measured,
local_combined_noise,13,unitary,0.6324869791666666,0.0128235293441221,measured,
local_combined_noise,14,dynamic,0.6619466145833336,0.0138446649760516,measured,
local_combined_noise,14,unitary,0.6114908854166666,0.0155396506880981,measured,
local_combined_noise,15,dynamic,0.670084635416667,0.0146433842587658,measured,
local_combined_noise,15,unitary,0.5996093749999998,0.0144886237580986,measured,
local_combined_noise,16,dynamic,0.6313476562499999,0.0141005537040305,measured,
local_combined_noise,16,unitary,0.5597330729166666,0.0145049595682473,measured,
ibm_fez_hardware,2,dynamic,0.97265625,0.0072052512516473,measured,d91sj9eu9n7c73anc330
ibm_fez_hardware,2,unitary,1.0,0.0,measured,d91sj36u9n7c73anc2jg
ibm_fez_hardware,4,dynamic,0.8818359375,0.0072658758222703,measured,d91sk4vqq29s738oaoa0
ibm_fez_hardware,4,unitary,0.890625,0.0070348147786503,measured,d91sjtfqq29s738oanlg
ibm_fez_hardware,6,dynamic,0.4267578124999999,0.0442675014649684,measured,d91sl8mu9n7c73anc740
ibm_fez_hardware,6,unitary,0.5600585937500001,0.0280850103164151,measured,d91sku6u9n7c73anc6a0
ibm_fez_hardware,8,dynamic,0.2744140625,0.0598185886534916,measured,d91smmmu9n7c73anca50
ibm_fez_hardware,8,unitary,0.5517578124999999,0.0232618087214455,measured,d91smauu9n7c73anc9ag
ibm_fez_hardware,10,dynamic,0.4728190104166667,0.0194817503648739,measured,d91so7vqq29s738oavd0
ibm_fez_hardware,10,unitary,0.4469401041666666,0.0195520456001355,measured,d91snpfccmks73d5q7b0
ibm_fez_hardware,12,dynamic,0.3901367187499999,0.0232741851941159,measured,d91sq1mu9n7c73ancel0
ibm_fez_hardware,12,unitary,0.3206380208333333,0.0172120756217788,measured,d91spivccmks73d5q9i0
ibm_fez_hardware,14,dynamic,0.20849609375,0.0271233051330745,measured,d91ss6fccmks73d5qchg
ibm_fez_hardware,14,unitary,0.2211914062499999,0.0240785329077796,measured,d91srlnqq29s738ob3ag
ibm_fez_hardware,16,dynamic,0.2670898437499999,0.0176474467752153,measured,d91suffccmks73d5qf1g
ibm_fez_hardware,16,unitary,0.1676432291666666,0.0164369767346649,measured,d91stteu9n7c73ancj20
ibm_fez_hardware,18,dynamic,0.1184895833333333,0.032973578798785,measured,d91t0tnqq29s738ob9cg
ibm_fez_hardware,18,unitary,0.0662434895833333,0.0253682105670193,measured,d91t0e357qjs73b70od0
ibm_fez_hardware,20,dynamic,0.2094726562499999,0.0205612505766198,measured,d91t3eb57qjs73b70sc0
ibm_fez_hardware,20,unitary,0.103515625,0.0178997210118026,measured,d91t2qj57qjs73b70rhg
ibm_fez_hardware,22,dynamic,0.1583658854166667,0.0156651816804292,measured,d91u0m7ccmks73d5s4og
ibm_fez_hardware,22,unitary,0.0548502604166666,0.0135629383226499,measured,d91tvvnccmks73d5s3d0
ibm_fez_hardware,24,dynamic,0.0413411458333333,0.0156540002676901,measured,d91u1neu9n7c73aned5g
ibm_fez_hardware,24,unitary,0.0122070312499999,0.0136830913710036,measured,d91u16vccmks73d5s5n0
ibm_fez_hardware,26,dynamic,0.0849609374999999,0.01694591884742,measured,d91u2tuu9n7c73anefug
ibm_fez_hardware,26,unitary,0.00634765625,0.0119185695742861,measured,d91u2bmu9n7c73aneem0
ibm_fez_hardware,28,dynamic,0.0359700520833333,0.0172111281822563,measured,d91u49nqq29s738od420
ibm_fez_hardware,28,unitary,0.03466796875,0.01396656486771,measured,d91u3lvccmks73d5sb30
ibm_fez_hardware,30,dynamic,0.0358072916666666,0.0128191342843224,measured,d91u5nfqq29s738od79g
ibm_fez_hardware,30,unitary,0.0,0.0125532121398571,measured,d91u51fqq29s738od5k0
ibm_fez_hardware,32,dynamic,0.0154622395833333,0.0152965462686705,measured,d91u73b57qjs73b72sb0
ibm_fez_hardware,32,unitary,0.0,0.0134178650046299,measured,d91u6cnqq29s738od8jg
ibm_fez_hardware,34,dynamic,0.0341796874999999,0.0138030693486069,measured,d91u8efqq29s738odcqg
ibm_fez_hardware,34,unitary,0.0,0.0121362871833698,measured,d91u7q7qq29s738odbfg
ibm_fez_hardware,36,dynamic,0.0022786458333333,0.0137052699846292,measured,d91ua1fqq29s738odgc0
ibm_fez_hardware,36,unitary,0.0084635416666666,0.012871226363612,measured,d91u98r57qjs73b73170
ibm_fez_hardware,38,dynamic,0.007080078125,0.0130547847195771,filled_expected_value,filled_expected_k36_k40
ibm_fez_hardware,38,unitary,0.0,0.0135491544680307,measured,d91uat7qq29s738odhhg
ibm_fez_hardware,40,dynamic,0.0118815104166666,0.0124042994545249,measured,d91ud8j57qjs73b737kg
ibm_fez_hardware,40,unitary,0.0,0.0126016517332155,measured,d91ucfnccmks73d5ss40
